"0","library(assertthat)"
"0","library(stringr)"
"0","library(tools)"
"0","library(IRanges)"
"2","G3;Loading required package: BiocGenerics
g"
"2","G3;Loading required package: generics
g"
"2","G3;
Attaching package: ‘generics’

g"
"2","G3;The following objects are masked from ‘package:base’:

    as.difftime, as.factor, as.ordered, intersect, is.element, setdiff, setequal, union

g"
"2","G3;
Attaching package: ‘BiocGenerics’

g"
"2","G3;The following objects are masked from ‘package:stats’:

    IQR, mad, sd, var, xtabs

g"
"2","G3;The following objects are masked from ‘package:base’:

    anyDuplicated, aperm, append, as.data.frame, basename, cbind, colnames, dirname, do.call,
    duplicated, eval, evalq, Filter, Find, get, grep, grepl, is.unsorted, lapply, Map, mapply,
    match, mget, order, paste, pmax, pmax.int, pmin, pmin.int, Position, rank, rbind, Reduce,
    rownames, sapply, saveRDS, table, tapply, unique, unsplit, which.max, which.min

g"
"2","G3;Loading required package: S4Vectors
g"
"2","G3;Loading required package: stats4
g"
"2","G3;
Attaching package: ‘S4Vectors’

g"
"2","G3;The following object is masked from ‘package:utils’:

    findMatches

g"
"2","G3;The following objects are masked from ‘package:base’:

    expand.grid, I, unname

g"
"2","G3;
Attaching package: ‘IRanges’

g"
"2","G3;The following object is masked from ‘package:grDevices’:

    windows

g"
"0","library(GenomicAlignments)"
"2","G3;Loading required package: GenomeInfoDb
g"
"2","G3;Loading required package: GenomicRanges
g"
"2","G3;Loading required package: SummarizedExperiment
g"
"2","G3;Loading required package: MatrixGenerics
g"
"2","G3;Loading required package: matrixStats
g"
"2","G3;
Attaching package: ‘MatrixGenerics’

g"
"2","G3;The following objects are masked from ‘package:matrixStats’:

    colAlls, colAnyNAs, colAnys, colAvgsPerRowSet, colCollapse, colCounts, colCummaxs, colCummins,
    colCumprods, colCumsums, colDiffs, colIQRDiffs, colIQRs, colLogSumExps, colMadDiffs, colMads,
    colMaxs, colMeans2, colMedians, colMins, colOrderStats, colProds, colQuantiles, colRanges,
    colRanks, colSdDiffs, colSds, colSums2, colTabulates, colVarDiffs, colVars, colWeightedMads,
    colWeightedMeans, colWeightedMedians, colWeightedSds, colWeightedVars, rowAlls, rowAnyNAs,
    rowAnys, rowAvgsPerColSet, rowCollapse, rowCounts, rowCummaxs, rowCummins, rowCumprods,
    rowCumsums, rowDiffs, rowIQRDiffs, rowIQRs, rowLogSumExps, rowMadDiffs, rowMads, rowMaxs,
    rowMeans2, rowMedians, rowMins, rowOrderStats, rowProds, rowQuantiles, rowRanges, rowRanks,
    rowSdDiffs, rowSds, rowSums2, rowTabulates, rowVarDiffs, rowVars, rowWeightedMads,
    rowWeightedMeans, rowWeightedMedians, rowWeightedSds, rowWeightedVars

g"
"2","G3;Loading required package: Biobase
g"
"2","G3;Welcome to Bioconductor

    Vignettes contain introductory material; view with 'browseVignettes()'. To cite Bioconductor,
    see 'citation(""Biobase"")', and for packages 'citation(""pkgname"")'.

g"
"2","G3;
Attaching package: ‘Biobase’

g"
"2","G3;The following object is masked from ‘package:MatrixGenerics’:

    rowMedians

g"
"2","G3;The following objects are masked from ‘package:matrixStats’:

    anyMissing, rowMedians

g"
"2","G3;Loading required package: Biostrings
g"
"2","G3;Loading required package: XVector
g"
"2","G3;
Attaching package: ‘Biostrings’

g"
"2","G3;The following object is masked from ‘package:base’:

    strsplit

g"
"2","G3;Loading required package: Rsamtools
g"
"0","library(Rsamtools)"
"0","library(Rsubread)"
"0","library(DESeq2)"
"0","library(knitr)"
"0","library(rmarkdown)"
"0","library(testthat)"
"0","library(baerhunter)"
