"0",""
"0","feature_file_editor(bam_directory=""./Data/GSE239869/"","
"0","                    original_annotation_file=""Mycobacteroides_abscessus_atcc_19977_gca_000069185.ASM6918v1.60.gff3"","
"0","                    annot_file_dir = ""./Gennome/"","
"0","                    output_file=""Output/ASM6918v1.60.gff3"", "
"0","                    original_sRNA_annotation=""unknown"", "
"0","                    low_coverage_cutoff=129, "
"0","                    min_sRNA_length=40, "
"0","                    high_coverage_cutoff=169, "
"0","                    min_UTR_length=50, "
"0","                    paired_end_data=TRUE, "
"0","                    strandedness=""stranded"")"
"1","[1] ""No BAMs in bam directory!""
"
