"2","G1;H1;Errorh in .local(x, use.names, use.mcols, ...) : 
  For some pairs in 'x', the 2 alignments are not on the same chromosome. Cannot associate a unique genomic
  range to such pairs. Please call granges() with 'on.discordant.seqnames=""drop""' to drop these pairs, or with
  'on.discordant.seqnames=""split""' to represent each of them with 2 genomic ranges in the returned GRanges
  object. Note that in both cases the returned object won't be parallel to 'x'. Alternatively, please consider
  using grglist() instead of granges() to turn 'x' into a GRangesList object instead of a GRanges object. See
  ?GAlignmentPairs for more information.
g"
