"0","bam_directory <- ""./Data/GSE239869/"""
"0","original_annotation_file <- ""Mycobacteroides_abscessus_atcc_19977_gca_000069185.ASM6918v1.60.gff3"""
"0","annot_file_dir <- ""./Genome/"""
"0","output_file<-""./Output/ASM6918v1.60.gff3"" "
"0","original_sRNA_annotation<-""unknown"" "
"0","low_coverage_cutoff<-129 "
"0","min_sRNA_length<-40 "
"0","high_coverage_cutoff<-169 "
"0","min_UTR_length<-50 "
"0","paired_end_data<-TRUE "
"0","strandedness<-""stranded"""
"0",""
"0",""
"0","bam_files <- """""
"0","maj_plus_features <- major_features(original_annotation_file, annot_file_directory = annot_file_dir, ""+"", original_sRNA_annotation)"
"0",""
"0",""
"0","plus_strand_peaks <- peak_union_calc(bam_location = bam_directory, bam_txt_list = """", ""+"", low_coverage_cutoff, high_coverage_cutoff, min_sRNA_length, paired_end_data, strandedness)"
