"0",""
"0","# Calculate TPM values for putative features"
"0","tpm<- tpm_normalisation(count_table=""../Output/GSE72996/dataset_Counts.csv"", "
"0","                  complete_ann=""../Output/GSE72996/ASM6918v1.60.gff3"", "
"0","                  is_gff = T,"
"0","                  output_file=""../Output/GSE72996/counts_TPM.csv"")"
"0",""
"0",""
"0","# flag features according to their TPM values"
"0","tpm_flagging(tpm_data=""../Output/GSE72996/counts_TPM.csv"", "
"0","            complete_annotation=""../Output/GSE72996/ASM6918v1.60.gff3"", "
"0","            output_file=""../Output/GSE72996/flagged_ASM6918v1_TPM_flag.gff3"")"
"0",""
"0","tpm_data <- ""../Output/GSE72996/counts_TPM.csv"""
"0","norm_data <- read.delim(tpm_data, header = TRUE)"
"0","norm_data"
