{"chunk_definitions":[{"row":68,"row_count":1,"visible":true,"expansion_state":0,"options":[],"document_id":null,"chunk_id":"cam64zfvt4kh7","chunk_label":"GSE72996"},{"row":197,"row_count":1,"visible":true,"expansion_state":0,"options":[],"document_id":null,"chunk_id":"cd484d6pz2knp","chunk_label":"GSE214640"},{"row":240,"row_count":1,"visible":true,"expansion_state":0,"options":[],"document_id":null,"chunk_id":"cmt9lours65cp","chunk_label":"GSE222081"},{"row":284,"row_count":1,"visible":true,"expansion_state":0,"options":[],"document_id":null,"chunk_id":"c0e310p2hb6qw","chunk_label":"GSE239869"}],"doc_write_time":1749583023}