"0",""
"0","feature_file_editor(bam_directory=system.file(""extdata/"", package=""baerhunter""),  "
"0","                   original_annotation_file=""Mycobacterium_tuberculosis_h37rv.ASM19595v2.40.chromosome.Chromosome.gff3"","
"0","                    annot_file_dir = system.file(""extdata/"", package=""baerhunter""),"
"0","                    output_file=""output_BH_5_10/mtb_5_10.gff3"", "
"0","                    original_sRNA_annotation=""ncRNA"", "
"0","                    low_coverage_cutoff=5, "
"0","                    min_sRNA_length=40, "
"0","                    high_coverage_cutoff=10, "
"0","                    min_UTR_length=50, "
"0","                    paired_end_data=FALSE, "
"0","                    strandedness=""stranded"")"
"2","Error in feature_file_editor(bam_directory = system.file(""extdata/"", package = ""baerhunter""),  : 
  unused arguments (bam_directory = system.file(""extdata/"", package = ""baerhunter""), annot_file_dir = system.file(""extdata/"", package = ""baerhunter""), min_sRNA_length = 40)
"
