{"chunk_definitions":[{"row":16,"row_count":1,"visible":true,"expansion_state":0,"options":{"engine":"r","label":"knitr config","cache":false,"include":false,"dev":"png"},"document_id":"B0C7810C","chunk_id":"cj40flekpb1z6","chunk_label":"\"knitr config\""},{"row":20,"row_count":1,"visible":true,"expansion_state":0,"options":{"engine":"r","echo":false,"label":"unnamed-chunk-1","dev":"png"},"document_id":"B0C7810C","chunk_id":"cjwekhsgjogm4","chunk_label":"unnamed-chunk-1"},{"row":76,"row_count":1,"visible":true,"expansion_state":0,"options":{"engine":"r","label":"preliminaries","dev":"png"},"document_id":"B0C7810C","chunk_id":"cg8uq1qpritv4","chunk_label":"preliminaries"},{"row":92,"row_count":1,"visible":true,"expansion_state":0,"options":{},"document_id":"B0C7810C","chunk_id":"c9f0472ft1c2z","chunk_label":"update_the_genome_annotation"},{"row":106,"row_count":1,"visible":true,"expansion_state":0,"options":{},"document_id":"0DDC339D","chunk_id":"cjyyzlvnharsq","chunk_label":"count_reads_against_features"}],"doc_write_time":1724943351}