{"chunk_definitions":[{"row":17,"row_count":1,"visible":true,"expansion_state":0,"options":{"engine":"r","label":"knitr config","cache":false,"include":false,"dev":"png"},"document_id":"C17D096F","chunk_id":"c4166md93vqys","chunk_label":"\"knitr config\""},{"row":90,"row_count":1,"visible":true,"expansion_state":0,"options":{"engine":"r","label":"preliminaries","dev":"png"},"document_id":"C17D096F","chunk_id":"csz1xklnmfjay","chunk_label":"preliminaries"},{"row":110,"row_count":1,"visible":true,"expansion_state":0,"options":{"engine":"r","label":"update_the_genome_annotation","dev":"png"},"document_id":"C17D096F","chunk_id":"c94pr6a6yyvxu","chunk_label":"update_the_genome_annotation"},{"row":123,"row_count":1,"visible":true,"expansion_state":0,"options":{"engine":"r","label":"unnamed-chunk-1","dev":"png"},"document_id":"C17D096F","chunk_id":"c7kcpx8kapip3","chunk_label":"unnamed-chunk-1"},{"row":145,"row_count":1,"visible":true,"expansion_state":0,"options":{"engine":"r","label":"unnamed-chunk-2","dev":"png"},"document_id":"C17D096F","chunk_id":"cip5c5t2clubn","chunk_label":"unnamed-chunk-2"},{"row":173,"row_count":1,"visible":true,"expansion_state":0,"options":{"engine":"r","label":"count_reads_against_features","dev":"png"},"document_id":"C17D096F","chunk_id":"ce3alsb0kr45p","chunk_label":"count_reads_against_features"},{"row":209,"row_count":1,"visible":true,"expansion_state":0,"options":{"engine":"r","label":"filtering_by_expression","dev":"png"},"document_id":"C17D096F","chunk_id":"c9oeteq0w5f28","chunk_label":"filtering_by_expression"},{"row":232,"row_count":1,"visible":true,"expansion_state":0,"options":{"engine":"r","label":"differential_expression","dev":"png"},"document_id":"C17D096F","chunk_id":"csp0n7e83dp5g","chunk_label":"differential_expression"},{"row":237,"row_count":1,"visible":true,"expansion_state":0,"options":{},"document_id":"C17D096F","chunk_id":"cest5aatssvn7","chunk_label":"session information"}],"doc_write_time":1749844740}