"0","#set shiny app directory "
"0","dir <- ""D:/OneDrive - Birkbeck, University of London/UNI/Project/baerhunter-shinyapp-main/"""
"0",""
"0"," "
"0","source(paste(dir,""R/fct_bam_processing.R"", sep="""") )"
"0","source(paste(dir,""R/mod_preprocessing.R"", sep="""") )"
"0","source(paste(dir,""R/mod_annot_sum.R"", sep="""") )"
"0","source(paste(dir,""R/fct_summary.R"", sep="""") )"
"0",""
"0","original <- ""D:/OneDrive - Birkbeck, University of London/UNI/Project/Genome/Mycobacteroides_abscessus_atcc_19977_gca_000069185.ASM6918v1.60.gff3"""
"0","baerhunter_annot <- ""D:/OneDrive - Birkbeck, University of London/UNI/Project/Output/ASM6918v1.60.gff3"""
"0","RefSeqname <- ""Chromosome"""
"0",""
"0","ncrna_annot_compare(original,baerhunter_annot, RefSeqname)"
"2","Registered S3 methods overwritten by 'htmltools':
  method               from         
  print.html           tools:rstudio
  print.shiny.tag      tools:rstudio
  print.shiny.tag.list tools:rstudio
"
"2","Registered S3 method overwritten by 'rmarkdown':
  method         from
  print.paged_df     
"
"1","[[1]]
"
