"0",""
"0","library(baerhunter)"
"2","Warning: package ‘GenomeInfoDbData’ has no 'package.rds' in Meta/"
"0","feature_file_editor(bam_directory=""../Data/GSE72996/"","
"0","                    original_annotation_file=""Mycobacteroides_abscessus_atcc_19977_gca_000069185.ASM6918v1.60.gff3"","
"0","                    annot_file_dir = ""../Genome/"","
"0","                    output_file=""../Output/GSE72996/ASM6918v1.60.gff3"", "
"0","                    original_sRNA_annotation=""unknown"", "
"0","                    low_coverage_cutoff=20, "
"0","                    min_sRNA_length=40, "
"0","                    high_coverage_cutoff=22, "
"0","                    min_UTR_length=50, "
"0","                    paired_end_data=FALSE, "
"0","                    strandedness=""stranded"")"
"1","[1]"
"1"," ""Extracted plus strand data from BAM files"""
"1","
"
"1","[1]"
"1"," ""Built plus strand annotation dataframe"""
"1","
"
"1","[1]"
"1"," ""Extracted minus strand data from BAM files"""
"1","
"
"1","[1]"
"1"," ""Built minus strand annotation dataframe"""
"1","
"
"1","[1]"
"1"," ""Prepared complete annotation dataframe"""
"1","
"
"1","[1]"
"1"," ""Building output file now"""
"1","
"
"1","[1]"
"1"," ""Done!"""
"1","
"
