{"chunk_definitions":[{"chunk_id":"cle8212ud7asf","expansion_state":0,"options":[],"row":11,"row_count":1,"visible":true},{"chunk_id":"c0jmm43qsy1he","expansion_state":0,"options":[],"row":19,"row_count":1,"visible":true},{"chunk_id":"cv7n3w26t7iau","expansion_state":0,"options":[],"row":68,"row_count":1,"visible":true},{"chunk_id":"cquk71qstcb3n","expansion_state":0,"options":[],"row":111,"row_count":1,"visible":true},{"chunk_id":"cu4kkaya4qlyj","expansion_state":0,"options":[],"row":154,"row_count":1,"visible":true},{"chunk_id":"cceelizko2i4u","expansion_state":0,"options":[],"row":197,"row_count":1,"visible":true},{"chunk_id":"cgnsc7e0gp4u7","expansion_state":0,"options":[],"row":240,"row_count":1,"visible":true},{"chunk_id":"c6oclzqpyra5z","expansion_state":0,"options":[],"row":284,"row_count":1,"visible":true}],"doc_write_time":1749582749}
